experiment,n,seed,eta,S,threshold,theorem_hypothesis,case,alignment,decrease,predicted_delta,R_dec
E2,200,0,0.0,4.8653047274551295e-15,0.0018518518518510002,True,III-hard,2.1384110434106248e-16,0.000624804733267,1.1574074074074082e-05,53.983128954353504
E2,200,0,1e-06,2.0000000000119617e-06,0.0018518518518480002,True,III-hard,1.000000000212988e-06,0.000624854694218,1.1574074074039372e-05,53.987445580599164
E2,200,0,1e-05,1.999999999905232e-05,0.0018518518514810001,True,III-hard,1.0000000000211781e-05,0.0006253043424270001,1.157407407060187e-05,54.026295201931454
E2,200,0,0.0001,0.00019999999900000001,0.0018518518148140002,True,III-hard,0.0001,0.0006298007910330001,1.1574073726851882e-05,54.41478997769738
E2,200,0,0.0005,0.000999999875,0.001851850925926,True,III-hard,0.0005,0.0006497842606610001,1.1574065393520702e-05,56.14140222718806
E2,200,0,0.0009000000000000001,0.0017999992709990002,0.0018518488518530002,True,III-hard,0.0009000000000000001,0.000669766483274,1.1574045949096881e-05,57.86796477397088
E2,200,1,0.0,5.026723432636166e-15,0.0018518518518510002,True,III-hard,8.624106277027289e-16,0.000624804733267,1.1574074074074023e-05,53.98312895427701
E2,200,1,1e-06,2.000000000349199e-06,0.0018518518518480002,True,III-hard,9.999999991207575e-07,0.000624854694216,1.1574074074039301e-05,53.98744558048439
E2,200,1,1e-05,1.9999999999373912e-05,0.0018518518514810001,True,III-hard,9.99999999912453e-06,0.0006253043424250001,1.1574074070601782e-05,54.0262952017784
E2,200,1,0.0001,0.00019999999900000001,0.0018518518148140002,True,III-hard,9.999999999910753e-05,0.0006298007910300001,1.157407372685181e-05,54.4147899774867
E2,200,1,0.0005,0.000999999875,0.001851850925926,True,III-hard,0.000499999999999,0.00064978426066,1.157406539352063e-05,56.14140222711167
E2,200,1,0.0009000000000000001,0.001799999271,0.0018518488518530002,True,III-hard,0.0008999999999990001,0.0006697664832730001,1.1574045949096802e-05,57.86796477383697
E2,200,2,0.0,5.837493033893117e-15,0.0018518518518510002,True,III-hard,7.759667296404702e-16,0.0006248047332660001,1.157407407407404e-05,53.983128954257765
E2,200,2,1e-06,2.0000000034364863e-06,0.0018518518518480002,True,III-hard,1.000000000785012e-06,0.000624854694216,1.1574074074039332e-05,53.98744558048425
E2,200,2,1e-05,2.0000000002330853e-05,0.0018518518514810001,True,III-hard,1.000000000078599e-05,0.0006253043424250001,1.1574074070601811e-05,54.02629520175908
E2,200,2,0.0001,0.00019999999900300003,0.0018518518148140002,True,III-hard,0.0001,0.0006298007910310001,1.1574073726851851e-05,54.414789977544075
E2,200,2,0.0005,0.000999999875003,0.001851850925926,True,III-hard,0.0005,0.00064978426066,1.1574065393520661e-05,56.14140222713069
E2,200,2,0.0009000000000000001,0.001799999271003,0.0018518488518530002,True,III-hard,0.0009000000000000001,0.0006697664832730001,1.1574045949096842e-05,57.867964773836775
E2,200,3,0.0,1.047281664394391e-14,0.0018518518518510002,True,III-hard,8.196843305676868e-16,0.0006248047332740001,1.1574074074074202e-05,53.98312895492846
E2,200,3,1e-06,1.999999998240766e-06,0.0018518518518480002,True,III-hard,9.999999991852834e-07,0.0006248546942250001,1.1574074074039472e-05,53.9874455812126
E2,200,3,1e-05,1.9999999997181652e-05,0.0018518518514810001,True,III-hard,9.9999999991766e-06,0.000625304342434,1.1574074070601982e-05,54.02629520252567
E2,200,3,0.0001,0.000199999998998,0.0018518518148140002,True,III-hard,9.999999999916961e-05,0.0006298007910390001,1.157407372685198e-05,54.41478997825325
E2,200,3,0.0005,0.0009999998749980002,0.001851850925926,True,III-hard,0.000499999999999,0.000649784260668,1.157406539352081e-05,56.141402227763045
E2,200,3,0.0009000000000000001,0.0017999992709980001,0.0018518488518530002,True,III-hard,0.0008999999999990001,0.0006697664832810001,1.1574045949097002e-05,57.867964774564996
E2,200,4,0.0,5.2474539184474056e-15,0.0018518518518510002,True,III-hard,1.9490818451353172e-16,0.0006248047332710001,1.1574074074074182e-05,53.98312895467917
E2,200,4,1e-06,1.999999999649616e-06,0.0018518518518480002,True,III-hard,9.999999997999066e-07,0.000624854694221,1.157407407403946e-05,53.98744558092489
E2,200,4,1e-05,1.9999999998594513e-05,0.0018518518514810001,True,III-hard,9.999999999787177e-06,0.000625304342431,1.157407407060197e-05,54.026295202295486
E2,200,4,0.0001,0.00019999999899900003,0.0018518518148140002,True,III-hard,9.999999999979704e-05,0.0006298007910360001,1.157407372685199e-05,54.414789978022995
E2,200,4,0.0005,0.000999999874999,0.001851850925926,True,III-hard,0.000499999999999,0.000649784260665,1.157406539352081e-05,56.14140222751366
E2,200,4,0.0009000000000000001,0.0017999992709990002,0.0018518488518530002,True,III-hard,0.0008999999999990001,0.000669766483278,1.1574045949096971e-05,57.86796477427735
E2,200,5,0.0,5.978743162726869e-15,0.0018518518518510002,True,III-hard,7.658220646511592e-16,0.000624804733267,1.1574074074073982e-05,53.9831289542964
E2,200,5,1e-06,1.999999998486648e-06,0.0018518518518480002,True,III-hard,9.999999992356738e-07,0.000624854694215,1.157407407403925e-05,53.98744558040789
E2,200,5,1e-05,1.9999999997484575e-05,0.0018518518514810001,True,III-hard,9.99999999925274e-06,0.0006253043424250001,1.1574074070601731e-05,54.02629520179781
E2,200,5,0.0001,0.000199999998998,0.0018518518148140002,True,III-hard,9.999999999922529e-05,0.0006298007910300001,1.157407372685174e-05,54.41478997750621
E2,200,5,0.0005,0.0009999998749980002,0.001851850925926,True,III-hard,0.000499999999999,0.00064978426066,1.1574065393520581e-05,56.14140222707351
E2,200,5,0.0009000000000000001,0.0017999992709980001,0.0018518488518530002,True,III-hard,0.0008999999999990001,0.000669766483272,1.157404594909675e-05,57.86796477379886
E2,200,6,0.0,5.877193010445902e-15,0.0018518518518510002,True,III-hard,1.269046854031167e-16,0.000624804733273,1.157407407407411e-05,53.98312895485215
E2,200,6,1e-06,2.0000000002255686e-06,0.0018518518518480002,True,III-hard,1.0000000001073218e-06,0.000624854694224,1.1574074074039401e-05,53.98744558111703
E2,200,6,1e-05,1.999999999907005e-05,0.0018518518514810001,True,III-hard,1.000000000012776e-05,0.0006253043424320001,1.1574074070601902e-05,54.0262952023342
E2,200,6,0.0001,0.00019999999900000001,0.0018518518148140002,True,III-hard,0.0001,0.0006298007910380001,1.157407372685191e-05,54.414789978157664
E2,200,6,0.0005,0.000999999875,0.001851850925926,True,III-hard,0.0005,0.0006497842606670001,1.157406539352073e-05,56.14140222772506
E2,200,6,0.0009000000000000001,0.0017999992709990002,0.0018518488518530002,True,III-hard,0.0009000000000000001,0.0006697664832790001,1.157404594909689e-05,57.86796477437368
E2,200,7,0.0,5.5488608970964056e-15,0.0018518518518510002,True,III-hard,2.692644336875638e-16,0.0006248047332710001,1.1574074074074182e-05,53.98312895462161
E2,200,7,1e-06,2.000000000139265e-06,0.0018518518518480002,True,III-hard,1.000000000266846e-06,0.00062485469422,1.1574074074039452e-05,53.987445580809826
E2,200,7,1e-05,1.9999999999156343e-05,0.0018518518514810001,True,III-hard,1.0000000000275812e-05,0.000625304342429,1.1574074070601962e-05,54.026295202122874
E2,200,7,0.0001,0.00019999999900000001,0.0018518518148140002,True,III-hard,0.0001,0.000629800791035,1.1574073726851972e-05,54.414789977888816
E2,200,7,0.0005,0.000999999875,0.001851850925926,True,III-hard,0.0005,0.000649784260663,1.1574065393520781e-05,56.14140222734114
E2,200,7,0.0009000000000000001,0.001799999271,0.0018518488518530002,True,III-hard,0.0009000000000000001,0.0006697664832760001,1.1574045949096961e-05,57.86796477410475
E2,200,8,0.0,4.096121435281258e-15,0.0018518518518510002,True,III-hard,3.0924677765376273e-16,0.0006248047332660001,1.157407407407407e-05,53.98312895421923
E2,200,8,1e-06,2.000000000529167e-06,0.0018518518518480002,True,III-hard,1.000000000308497e-06,0.000624854694216,1.1574074074039352e-05,53.98744558048415
E2,200,8,1e-05,1.999999999957598e-05,0.0018518518514810001,True,III-hard,1.000000000032477e-05,0.000625304342426,1.1574074070601842e-05,54.02629520183567
E2,200,8,0.0001,0.00019999999900000001,0.0018518518148140002,True,III-hard,0.0001,0.0006298007910310001,1.1574073726851872e-05,54.414789977543975
E2,200,8,0.0005,0.000999999875,0.001851850925926,True,III-hard,0.0005,0.00064978426066,1.1574065393520681e-05,56.141402227073044
E2,200,8,0.0009000000000000001,0.001799999271,0.0018518488518530002,True,III-hard,0.0009000000000000001,0.0006697664832730001,1.1574045949096871e-05,57.86796477383663
E2,200,9,0.0,5.307558396814395e-15,0.0018518518518510002,True,III-hard,2.0519410605807198e-16,0.0006248047332660001,1.157407407407399e-05,53.983128954257964
E2,200,9,1e-06,2.000000000083632e-06,0.0018518518518480002,True,III-hard,1.000000000208872e-06,0.000624854694216,1.157407407403928e-05,53.98744558048448
E2,200,9,1e-05,1.9999999999085013e-05,0.0018518518514810001,True,III-hard,1.0000000000207861e-05,0.0006253043424250001,1.1574074070601782e-05,54.0262952017784
E2,200,9,0.0001,0.00019999999900000001,0.0018518518148140002,True,III-hard,0.0001,0.0006298007910300001,1.157407372685179e-05,54.414789977486784
E2,200,9,0.0005,0.000999999875,0.001851850925926,True,III-hard,0.0005,0.00064978426066,1.1574065393520602e-05,56.141402227073414
E2,200,9,0.0009000000000000001,0.0017999992709990002,0.0018518488518530002,True,III-hard,0.0009000000000000001,0.0006697664832730001,1.1574045949096771e-05,57.8679647738563
E2,200,10,0.0,4.845371416454493e-15,0.0018518518518510002,True,III-hard,1.341532534164402e-16,0.00062480473327,1.157407407407419e-05,53.98312895458321
E2,200,10,1e-06,1.999999999300398e-06,0.0018518518518480002,True,III-hard,9.999999998547668e-07,0.000624854694221,1.157407407403946e-05,53.98744558088651
E2,200,10,1e-05,1.999999999843094e-05,0.0018518518514810001,True,III-hard,9.999999999860727e-06,0.000625304342429,1.1574074070601962e-05,54.026295202103725
E2,200,10,0.0001,0.00019999999899900003,0.0018518518148140002,True,III-hard,9.999999999984857e-05,0.000629800791035,1.1574073726851961e-05,54.41478997786969
E2,200,10,0.0005,0.000999999874999,0.001851850925926,True,III-hard,0.000499999999999,0.000649784260663,1.157406539352079e-05,56.14140222739863
E2,200,10,0.0009000000000000001,0.0017999992709990002,0.0018518488518530002,True,III-hard,0.0008999999999990001,0.000669766483275,1.1574045949096961e-05,57.86796477408555
E2,200,11,0.0,4.751520873539458e-15,0.0018518518518510002,True,III-hard,7.042392735007567e-17,0.000624804733267,1.1574074074074062e-05,53.98312895427683
E2,200,11,1e-06,1.999999999491851e-06,0.0018518518518480002,True,III-hard,9.999999999149833e-07,0.000624854694216,1.157407407403934e-05,53.9874455805034
E2,200,11,1e-05,1.9999999998494502e-05,0.0018518518514810001,True,III-hard,9.99999999991051e-06,0.0006253043424250001,1.1574074070601842e-05,54.02629520177813
E2,200,11,0.0001,0.00019999999899900003,0.0018518518148140002,True,III-hard,9.999999999990027e-05,0.0006298007910300001,1.1574073726851831e-05,54.4147899775058
E2,200,11,0.0005,0.000999999874999,0.001851850925926,True,III-hard,0.000499999999999,0.00064978426066,1.1574065393520671e-05,56.14140222709229
E2,200,11,0.0009000000000000001,0.0017999992709990002,0.0018518488518530002,True,III-hard,0.0008999999999990001,0.000669766483272,1.1574045949096842e-05,57.86796477381759
E2,200,12,0.0,3.577194880980323e-15,0.0018518518518510002,True,III-hard,3.725032686482894e-17,0.000624804733267,1.1574074074074023e-05,53.98312895427701
E2,200,12,1e-06,2.000000000231885e-06,0.0018518518518480002,True,III-hard,1.0000000000239858e-06,0.0006248546942170001,1.157407407403928e-05,53.98744558056122
E2,200,12,1e-05,1.9999999999326302e-05,0.0018518518514810001,True,III-hard,1.00000000000344e-05,0.000625304342426,1.1574074070601803e-05,54.02629520185505
E2,200,12,0.0001,0.00019999999900000001,0.0018518518148140002,True,III-hard,0.0001,0.0006298007910310001,1.1574073726851802e-05,54.41478997756348
E2,200,12,0.0005,0.000999999875,0.001851850925926,True,III-hard,0.0005,0.00064978426066,1.1574065393520642e-05,56.141402227149996
E2,200,12,0.0009000000000000001,0.001799999271,0.0018518488518530002,True,III-hard,0.0009000000000000001,0.000669766483274,1.1574045949096781e-05,57.86796477393298
E2,200,13,0.0,5.581713492760518e-15,0.0018518518518510002,True,III-hard,5.681785235836134e-16,0.000624804733267,1.157407407407397e-05,53.98312895429644
E2,200,13,1e-06,2.0000000002206143e-06,0.0018518518518480002,True,III-hard,9.999999994228999e-07,0.000624854694216,1.1574074074039272e-05,53.98744558042699
E2,200,13,1e-05,1.9999999999196774e-05,0.0018518518514810001,True,III-hard,9.999999999437403e-06,0.000625304342426,1.157407407060177e-05,54.02629520181684
E2,200,13,0.0001,0.00019999999900000001,0.0018518518148140002,True,III-hard,9.999999999943482e-05,0.0006298007910310001,1.1574073726851751e-05,54.41478997752535
E2,200,13,0.0005,0.000999999875,0.001851850925926,True,III-hard,0.000499999999999,0.0006497842606590001,1.1574065393520561e-05,56.141402227054456
E2,200,13,0.0009000000000000001,0.001799999271,0.0018518488518530002,True,III-hard,0.0008999999999990001,0.0006697664832730001,1.1574045949096742e-05,57.86796477385644
E2,200,14,0.0,3.2968848095041413e-15,0.0018518518518510002,True,III-hard,1.803196894794883e-16,0.000624804733267,1.1574074074074131e-05,53.983128954353255
E2,200,14,1e-06,1.999999999977532e-06,0.0018518518518480002,True,III-hard,1.0000000001745838e-06,0.000624854694218,1.1574074074039432e-05,53.98744558061808
E2,200,14,1e-05,1.9999999998948244e-05,0.0018518518514810001,True,III-hard,1.0000000000178432e-05,0.0006253043424270001,1.1574074070601902e-05,54.026295201912134
E2,200,14,0.0001,0.00019999999900000001,0.0018518518148140002,True,III-hard,0.0001,0.000629800791032,1.157407372685194e-05,54.41478997763955
E2,200,14,0.0005,0.000999999874999,0.001851850925926,True,III-hard,0.0005,0.00064978426066,1.157406539352074e-05,56.14140222714948
E2,200,14,0.0009000000000000001,0.0017999992709990002,0.0018518488518530002,True,III-hard,0.0009000000000000001,0.000669766483275,1.157404594909693e-05,57.867964774008954
E2,200,15,0.0,4.637369577950787e-15,0.0018518518518510002,True,III-hard,3.015633880828914e-17,0.00062480473327,1.1574074074074102e-05,53.98312895460278
E2,200,15,1e-06,2.000000000324212e-06,0.0018518518518480002,True,III-hard,1.000000000051781e-06,0.000624854694221,1.1574074074039401e-05,53.98744558086763
E2,200,15,1e-05,1.999999999932684e-05,0.0018518518514810001,True,III-hard,1.0000000000027861e-05,0.000625304342429,1.157407407060187e-05,54.02629520212332
E2,200,15,0.0001,0.00019999999900000001,0.0018518518148140002,True,III-hard,0.0001,0.0006298007910330001,1.1574073726851882e-05,54.41478997777412
E2,200,15,0.0005,0.000999999875,0.001851850925926,True,III-hard,0.0005,0.000649784260663,1.157406539352071e-05,56.14140222736065
E2,200,15,0.0009000000000000001,0.001799999271,0.0018518488518530002,True,III-hard,0.0009000000000000001,0.000669766483275,1.1574045949096881e-05,57.867964774066806
E2,200,16,0.0,3.1191936345098423e-15,0.0018518518518510002,True,III-hard,3.653418271655953e-16,0.000624804733267,1.1574074074074082e-05,53.98312895427672
E2,200,16,1e-06,2.000000000496505e-06,0.0018518518518480002,True,III-hard,1.000000000369767e-06,0.000624854694216,1.1574074074039372e-05,53.98744558050324
E2,200,16,1e-05,1.9999999999585803e-05,0.0018518518514810001,True,III-hard,1.0000000000363061e-05,0.000625304342426,1.1574074070601862e-05,54.02629520183559
E2,200,16,0.0001,0.00019999999900000001,0.0018518518148140002,True,III-hard,0.0001,0.000629800791032,1.1574073726851882e-05,54.414789977620664
E2,200,16,0.0005,0.000999999875,0.001851850925926,True,III-hard,0.0005,0.00064978426066,1.1574065393520702e-05,56.14140222711132
E2,200,16,0.0009000000000000001,0.001799999271,0.0018518488518530002,True,III-hard,0.0009000000000000001,0.000669766483274,1.1574045949096871e-05,57.867964773932556
E2,200,17,0.0,4.849002958364624e-15,0.0018518518518510002,True,III-hard,1.194356537468727e-16,0.0006248047332660001,1.1574074074074023e-05,53.98312895425782
E2,200,17,1e-06,2.0000000000665267e-06,0.0018518518518480002,True,III-hard,9.999999998711336e-07,0.000624854694216,1.1574074074039301e-05,53.987445580503575
E2,200,17,1e-05,1.9999999999023522e-05,0.0018518518514810001,True,III-hard,9.999999999877003e-06,0.0006253043424250001,1.1574074070601811e-05,54.026295201778254
E2,200,17,0.0001,0.00019999999900000001,0.0018518518148140002,True,III-hard,9.999999999986616e-05,0.0006298007910300001,1.157407372685182e-05,54.41478997748662
E2,200,17,0.0005,0.000999999875,0.001851850925926,True,III-hard,0.000499999999999,0.00064978426066,1.157406539352065e-05,56.141402227073186
E2,200,17,0.0009000000000000001,0.0017999992709990002,0.0018518488518530002,True,III-hard,0.0008999999999990001,0.000669766483272,1.157404594909681e-05,57.86796477379857
E2,200,18,0.0,6.500129661518524e-15,0.0018518518518510002,True,III-hard,2.82340342619945e-16,0.0006248047332710001,1.1574074074074162e-05,53.98312895467924
E2,200,18,1e-06,2.000000000416994e-06,0.0018518518518480002,True,III-hard,1.000000000298854e-06,0.000624854694221,1.157407407403944e-05,53.98744558092498
E2,200,18,1e-05,1.999999999938129e-05,0.0018518518514810001,True,III-hard,1.0000000000294521e-05,0.000625304342431,1.1574074070601931e-05,54.02629520225732
E2,200,18,0.0001,0.00019999999900000001,0.0018518518148140002,True,III-hard,0.0001,0.0006298007910360001,1.1574073726851931e-05,54.414789977984924
E2,200,18,0.0005,0.000999999875,0.001851850925926,True,III-hard,0.0005,0.000649784260666,1.1574065393520781e-05,56.14140222759057
E2,200,18,0.0009000000000000001,0.001799999271,0.0018518488518530002,True,III-hard,0.0009000000000000001,0.000669766483277,1.157404594909693e-05,57.86796477420083
E2,200,19,0.0,7.218483972529695e-15,0.0018518518518510002,True,III-hard,1.53881049792339e-16,0.000624804733273,1.157407407407427e-05,53.9831289548514
E2,200,19,1e-06,1.9999999996430602e-06,0.0018518518518480002,True,III-hard,9.999999998541193e-07,0.000624854694224,1.157407407403956e-05,53.98744558119301
E2,200,19,1e-05,1.999999999877097e-05,0.0018518518514810001,True,III-hard,9.99999999984845e-06,0.0006253043424330001,1.1574074070602062e-05,54.02629520246774
E2,200,19,0.0001,0.00019999999899900003,0.0018518518148140002,True,III-hard,9.999999999984843e-05,0.0006298007910390001,1.1574073726852082e-05,54.41478997825282
E2,200,19,0.0005,0.000999999874999,0.001851850925926,True,III-hard,0.000499999999999,0.0006497842606670001,1.1574065393520881e-05,56.14140222770516
E2,200,19,0.0009000000000000001,0.0017999992709990002,0.0018518488518530002,True,III-hard,0.0008999999999990001,0.00066976648328,1.1574045949097071e-05,57.8679647744879
